Rank	Target sequence	Genomic location	Strand	GC content (%)	Self-complementarity	MM0	MM1	MM2	MM3	Efficiency
1	TCAGCTCGGGAAAATCGCTGGGG	seq:306	+	55	0	1	0	0	1	64.09
2	AGGGAAGCGTGTCACCGTCGTGG	seq:213	-	65	0	1	0	0	1	64.09
3	TCAGGAGCTTACCCAATCCAGGG	seq:232	-	50	0	1	0	0	1	61.86
4	GTACGCTTTAGGCCGGCTCAAGG	seq:505	-	60	0	1	0	0	1	56.86
5	GCCCGAACGCAAAGTGTCCCCGG	seq:176	-	65	0	1	0	0	1	49.69
6	TTCAGCTCGGGAAAATCGCTGGG	seq:305	+	50	0	1	0	0	1	45.37
7	ACGACGGTGACACGCTTCCCTGG	seq:215	+	65	0	1	0	0	1	43.18
8	GGACACTTTGCGTTCGGGCTGGG	seq:180	+	60	1	1	0	0	1	38.01
9	TAGGCGTTCAACTTTGAGTTCGG	seq:457	-	40	0	1	0	0	2	44.51
10	GGGACACTTTGCGTTCGGGCTGG	seq:179	+	65	1	1	0	0	2	28.76
11	TGGGAGCGTGCTTTCCACGACGG	seq:199	+	60	1	1	0	0	3	64.16
12	AAGTCTAGAGCCACCGTCCAGGG	seq:134	+	55	3	1	0	0	3	56.28
13	CGTTCAACTTTGAGTTCGGATGG	seq:453	-	45	0	1	0	0	3	52.17
14	TTTCAGCTCGGGAAAATCGCTGG	seq:304	+	50	1	1	0	0	3	41.93
15	TCCGGGGACACTTTGCGTTCGGG	seq:175	+	60	0	1	0	0	3	33.22
16	GGCTCCGTGTATTTTCAGCTCGG	seq:292	+	50	1	1	0	0	4	52.53
17	GTGACACGCTTCCCTGGATTGGG	seq:221	+	55	0	1	0	0	4	42.60
18	ATCCACCCGGTGCTGGGCGTAGG	seq:538	+	70	1	1	0	0	4	43.25
19	CTCCGGGGACACTTTGCGTTCGG	seq:174	+	60	0	1	0	1	3	34.67
20	AAAGTTGAACGCCTAGGCAGAGG	seq:465	+	50	2	1	0	0	5	56.88
21	TCCACCCGGTGCTGGGCGTAGGG	seq:539	+	70	0	1	0	0	5	48.03
22	GGTGACACGCTTCCCTGGATTGG	seq:220	+	60	0	1	0	0	5	41.57
23	CTCGGGAAAATCGCTGGGGCTGG	seq:310	+	65	1	1	0	0	5	23.16
24	GTCAGGAGCTTACCCAATCCAGG	seq:233	-	55	0	1	0	0	6	45.25
25	TGTGCAAAGAAGTACGCTTTAGG	seq:516	-	40	0	1	0	1	5	53.58
26	GTGGGGACTTAGCGAGTTTGGGG	seq:343	+	55	0	1	0	1	5	51.46
27	TCCCTACGCCCAGCACCGGGTGG	seq:540	-	75	0	1	0	0	7	61.24
28	TTGCACATCCACCCGGTGCTGGG	seq:532	+	60	1	1	0	0	7	44.99
29	CATCATAGGAGTTGCATTGTTGG	seq:397	+	40	0	1	0	0	7	42.38
30	TCGGGAAAATCGCTGGGGCTGGG	seq:311	+	60	1	1	0	0	7	28.89
31	CAGTGGGGACTTAGCGAGTTTGG	seq:341	+	55	0	1	0	1	6	18.40
32	AAAGTCTAGAGCCACCGTCCAGG	seq:133	+	55	3	1	0	0	8	55.91
33	AGGACTCATCAAGTTCAGTCAGG	seq:250	-	45	2	1	0	0	8	50.86
34	GAACTCAAAGTTGAACGCCTAGG	seq:459	+	45	1	1	0	0	9	63.53
35	AGTTGCATTGTTGGGAGACCTGG	seq:406	+	50	0	1	0	0	9	39.57
36	AGTGGGGACTTAGCGAGTTTGGG	seq:342	+	50	0	1	0	0	9	32.35
37	TTTGCACATCCACCCGGTGCTGG	seq:531	+	60	2	1	0	1	8	26.62
38	TGGGGACTTAGCGAGTTTGGGGG	seq:344	+	55	0	1	0	2	7	64.51
39	CGAGAGCCCGTGACTCAGAGAGG	seq:270	-	65	2	1	0	0	10	65.13
40	CAAAGAAGTACGCTTTAGGCCGG	seq:512	-	45	0	1	0	0	11	57.31
41	GATTCCCTACGCCCAGCACCGGG	seq:543	-	65	0	1	0	0	11	55.50
42	TTGGCTAGAGGGATCATCATAGG	seq:383	+	45	1	1	0	0	11	55.50
43	TTAGCGAGTTTGGGGGTGAGTGG	seq:351	+	55	0	1	0	0	11	51.80
44	GATGAGTCCTCTCTGAGTCACGG	seq:263	+	50	3	1	0	1	10	56.96
45	GCTCCGTGTATTTTCAGCTCGGG	seq:293	+	50	0	1	0	0	12	48.15
46	GTTATGGCCTTTGCAAAGGCAGG	seq:65	+	50	2	1	0	0	12	41.92
47	TACTTCTTTGCACATCCACCCGG	seq:525	+	45	0	1	0	0	13	59.00
48	GTTGCATTGTTGGGAGACCTGGG	seq:407	+	50	0	1	0	1	12	62.04
49	ATGAGTCCTCTCTGAGTCACGGG	seq:264	+	50	2	1	0	1	12	49.58
50	GCTACCTGCTCCCTGGACGGTGG	seq:144	-	70	1	1	0	0	14	59.54
51	TAGCGAGTTTGGGGGTGAGTGGG	seq:352	+	55	0	1	0	1	13	57.10
52	AGCTTTGGGGAACCTTGAGCCGG	seq:493	+	55	0	1	0	1	13	56.26
53	AGACCTGGGTGTAGATGATGGGG	seq:421	+	50	0	1	0	2	13	64.14
54	CTCTCTGAGTCACGGGCTCTCGG	seq:271	+	60	2	1	0	0	16	46.58
55	AGAGCCACCGTCCAGGGAGCAGG	seq:140	+	70	2	1	0	0	16	42.28
56	ATCATAGGAGTTGCATTGTTGGG	seq:398	+	35	0	1	0	1	15	35.87
57	TGAACGCCTAGGCAGAGGAGTGG	seq:470	+	60	2	1	0	0	17	60.91
58	AAATACCCCTGCCTTTGCAAAGG	seq:72	-	45	1	1	0	0	17	58.94
59	TCCGCCTGCATTTCTTTTTCTGG	seq:34	+	45	0	1	0	0	17	2.48
60	GGATTCCCTACGCCCAGCACCGG	seq:544	-	65	0	1	0	3	13	47.81
61	CTTAGTTATGGCCTTTGCAAAGG	seq:61	+	40	1	1	0	0	18	52.59
62	TGGGATGGAAGCTTGGCTAGAGG	seq:371	+	55	3	1	0	1	17	66.08
63	TTTCCCGAGCTGAAAATACACGG	seq:296	-	40	0	1	1	1	15	57.68
64	CATCCCCATCATCTACACCCAGG	seq:424	-	55	0	1	0	0	19	67.35
65	CTAGACTTTTGAGAAAGAAGGGG	seq:119	-	35	2	0	0	0	19	59.18
66	GGGATGGAAGCTTGGCTAGAGGG	seq:372	+	55	3	1	0	0	22	50.16
67	CTCTAGACTTTTGAGAAAGAAGG	seq:121	-	35	0	0	0	1	22	44.04
68	GTGTAGATGATGGGGATGTTAGG	seq:429	+	45	0	1	1	1	20	42.51
69	TATGGCCTTTGCAAAGGCAGGGG	seq:67	+	50	2	1	0	2	22	55.06
70	GGCAGAGGAGTGGAGCTTTGGGG	seq:480	+	60	0	1	0	2	23	67.64
71	CGGGAAAATCGCTGGGGCTGGGG	seq:312	+	65	1	1	0	0	26	33.11
72	GGAGACCTGGGTGTAGATGATGG	seq:419	+	55	0	1	0	1	25	43.87
73	TAGGCAGAGGAGTGGAGCTTTGG	seq:478	+	55	0	1	0	2	24	32.14
74	AAAGCTCCACTCCTCTGCCTAGG	seq:476	-	55	0	1	0	1	29	52.89
75	TCTAGACTTTTGAGAAAGAAGGG	seq:120	-	30	0	0	0	2	28	49.31
76	GCAGCTACCTGCTCCCTGGACGG	seq:147	-	65	1	1	0	4	26	59.68
77	CCAGGGAGCAGGTAGCTGCTGGG	seq:151	+	65	2	1	0	1	32	54.27
78	GCCTCCCTCTGCCAAGTAAGAGG	seq:3	-	60	1	1	0	0	34	0.00
79	AGGCAGAGGAGTGGAGCTTTGGG	seq:479	+	55	0	1	0	3	31	31.98
80	TCCTCTTACTTGGCAGAGGGAGG	seq:2	+	55	0	1	0	8	24	0.00
81	AGCAGGTAGCTGCTGGGCTCCGG	seq:157	+	65	2	1	0	3	35	33.80
82	CAGGTAGCTGCTGGGCTCCGGGG	seq:159	+	70	2	1	0	1	40	55.48
83	TTTTCTGGATTACTTAGTTATGG	seq:49	+	25	0	1	0	3	39	35.62
84	TAATCCAGAAAAAGAAATGCAGG	seq:38	-	30	0	1	0	2	47	51.62
85	GCAGGTAGCTGCTGGGCTCCGGG	seq:158	+	70	2	1	0	0	50	30.56
86	ACTTTTGAGAAAGAAGGGGAGGG	seq:115	-	40	0	0	0	5	43	61.28
87	GAGACCTGGGTGTAGATGATGGG	seq:420	+	50	0	1	1	1	47	48.55
88	GACTTTTGAGAAAGAAGGGGAGG	seq:116	-	45	0	0	0	0	51	58.61
89	CTTTGTGCATCTTTTATTTCAGG	seq:566	-	30	0	1	0	0	53	10.65
90	GGGTGAGTGGGATGGAAGCTTGG	seq:364	+	60	0	1	0	7	45	44.14
91	AAAAGATGCACAAAGCATTGAGG	seq:574	+	35	1	1	8	1	39	67.92
92	TCCAGGGAGCAGGTAGCTGCTGG	seq:150	+	65	2	1	0	3	57	33.62
93	GGGAAAATCGCTGGGGCTGGGGG	seq:313	+	65	1	1	0	3	67	41.88
94	TTTGTGCATCTTTTATTTCAGGG	seq:565	-	25	0	1	0	2	70	32.79
95	TCCAGAAAAAGAAATGCAGGCGG	seq:35	-	40	0	1	0	3	73	67.78
96	GAGTTTGGGGGTGAGTGGGATGG	seq:356	+	60	0	1	1	9	70	47.11
97	AAATCGCTGGGGCTGGGGGTGGG	seq:317	+	65	1	1	0	3	82	36.53
98	TTATGGCCTTTGCAAAGGCAGGG	seq:66	+	45	2	1	0	2	106	55.76
99	AATCGCTGGGGCTGGGGGTGGGG	seq:318	+	70	1	1	0	10	120	27.66
100	AAAATCGCTGGGGCTGGGGGTGG	seq:316	+	65	1	1	0	8	136	24.30
101	AGAAAGAAGGGGAGGGATTGAGG	seq:108	-	50	0	0	1	20	266	47.61
102	GGGCTGGGGGTGGGGCAGTGGGG	seq:326	+	80	0	1	8	65	>=367	36.00
103	GGGGCTGGGGGTGGGGCAGTGGG	seq:325	+	80	0	1	5	57	>=421	32.06
104	TGGGGCTGGGGGTGGGGCAGTGG	seq:324	+	80	0	1	17	321	>=83	20.99