Rank	Target sequence	Genomic location	Strand	GC content (%)	Self-complementarity	Efficiency	MM0	MM1	MM2	MM3
1	TTTCCACGACGGTGACACGCTTCC	seq:233	+	65	0	47	1	0	0	0
2	TTTCAGCTCGGGAAAATCGCTGGG	seq:327	+	60	0	38	1	0	0	0
3	TTTGCGTTCGGGCTGGGAGCGTGC	seq:209	+	75	0	27	1	0	0	0
4	TTTGAGTTCGGATGGTCCTAACAT	seq:467	-	45	0	51	1	0	0	1
5	TTTCTCAAAAGTCTAGAGCCACCG	seq:149	+	50	0	33	0	0	0	1
6	TTTTCAGCTCGGGAAAATCGCTGG	seq:326	+	60	0	5	1	0	0	1
7	TTTGAGAAAGAAGGGGAGGGCCTC	seq:119	+	60	0	35	0	0	0	2
8	TTTTCCCGAGCTGAAAATACACGG	seq:319	-	55	0	13	1	0	1	1
9	TTTCCCGAGCTGAAAATACACGGA	seq:318	-	50	0	59	1	0	0	4
10	TTTGAGAAAGAAGGGGAGGCCCTC	seq:134	-	60	2	37	0	0	1	3
11	TTTTGAGAAAGAAGGGGAGGCCCT	seq:135	-	60	0	7	0	0	0	5
12	TTTGGGGGTGAGTGGGATGGAAGC	seq:382	+	65	0	62	1	0	1	4
13	TTTTGAGAAAGAAGGGGAGGGCCT	seq:118	+	60	0	7	0	0	0	7
14	TTTTCTGGATTACTTAGTTATGGC	seq:49	+	40	0	3	1	0	0	7
15	TTTGCATCAAAACAAATACCCCTG	seq:84	-	40	0	51	1	0	0	9
16	TTTCTGGATTACTTAGTTATGGCC	seq:50	+	40	0	44	1	0	0	9
17	TTTTGATGCAAACCTCAATCACTT	seq:96	+	40	0	33	0	0	1	8
18	TTTTTCTGGATTACTTAGTTATGG	seq:48	+	35	0	3	1	0	1	9
19	TTTGCAAAGGCCATAACTAAGTAA	seq:58	-	35	0	38	1	0	1	10
20	TTTGCAAAGGCAGGGGTATTTGTT	seq:74	+	45	0	14	1	0	0	12
21	TTTGTTTTGATGCAAACCTCAATC	seq:92	+	35	0	21	1	0	1	12
22	TTTGATGCAAACCTCAATCACTTT	seq:97	+	35	0	55	0	0	1	15
23	TTTCTCAAAAGTGATTGAGGTTTG	seq:104	-	35	0	27	0	0	0	24
24	TTTCTTTTTCTGGATTACTTAGTT	seq:44	+	25	0	1	1	0	6	109